{
    "title": "Customer Profile",
    "description": "Alpaca Farm Ice Cream Customer Profile Form.",
    "type": "object",
    "properties": {
        "name": {
            "title": "Name",
            "description": "The name of the customer",
            "type": "string"
        },
        "age":{
            "title": "Age",
            "description": "The age of the customer",
            "type": "number"
        },
        "gender":{
            "title":"Gender",
            "type":"string",
            "enum":[
                "Male",
                "Female"
            ]
        },
        "member":{
            "title":"Member",
            "type":"boolean"
        },
        "icecream":{
            "title":"Favorite",
            "type":"string",
            "enum":[
                "Vanilla",
                "Chocolate",
                "Coffee",
                "Strawberry",
                "Mint"
            ]
        },
        "address":{
            "title":"Home Address",
            "type":"object",
            "properties":{
                "street":{
                    "title":"Street",
                    "type":"array",
                    "items":{
                        "type":"string",
                        "maxLength":30,
                        "minItems":1,
                        "maxItems":3
                    }
                },
                "city":{
                    "title":"City",
                    "type":"string"
                },
                "state":{
                    "title":"State",
                    "type":"string"
                },
                "zip":{
                    "title":"Zip Code",
                    "type":"string"
                }
            }
        }
    }
}