{
  "name": "datatables",
  "version": "1.10.5",
  "main": [
    "media/js/jquery.dataTables.js",
    "media/css/jquery.dataTables.css",
    "media/images/*.png"
  ],
  "dependencies": {
    "jquery": ">=1.7.0"
  },
  "license": "MIT",
  "keywords": [
    "jquery",
    "datatables",
    "table",
    "javascript",
    "library"
  ],
  "ignore": [
    "/.*",
    "examples",
    "media/unit_testing",
    "composer.json",
    "dataTables.jquery.json",
    "package.json"
  ],
  "homepage": "https://github.com/DataTables/DataTables",
  "_release": "1.10.5",
  "_resolution": {
    "type": "version",
    "tag": "1.10.5",
    "commit": "60f5b4a54dfae66c35688ed56b0111c5135a695d"
  },
  "_source": "git://github.com/DataTables/DataTables.git",
  "_target": "1.10.5",
  "_originalSource": "datatables"
}